﻿Name;Size;"First name";"Last name";Downloads;Date;Path
CIT_ETIT.zip;7775;Johannes;Königs;15;"22.10.2024 17:20";ANT/Code/CIT_ETIT.zip
WING.zip;10010;Johannes;Königs;6;"22.10.2024 17:20";ANT/Code/WING.zip
IKTlab_I_Intro_2024.pdf;501359;Johannes;Königs;24;"22.10.2024 17:10";ANT/Organisation/IKTlab_I_Intro_2024.pdf
ICT_Lab_1_CIT.pdf;148640;Johannes;Königs;40;"22.10.2024 17:16";ANT/Scripts/ICT_Lab_1_CIT.pdf
ICT_Lab_1_ETIT.pdf;149586;Johannes;Königs;15;"22.10.2024 17:16";ANT/Scripts/ICT_Lab_1_ETIT.pdf
ICT_Lab_1_WINGS.pdf;166973;Johannes;Königs;12;"22.10.2024 17:16";ANT/Scripts/ICT_Lab_1_WINGS.pdf
